회차,영상 이름,조회수,좋아요 수
슈퍼밴드2 14회,[파이널] TOP6 등장! 제 2대 슈퍼밴드의 주인공은?! | JTBC 211004 방송,9005,26
슈퍼밴드2 14회,＂보여드리겠습니다＂ 개성 뚜렷한 TOP6의 뜨거운 각오! | JTBC 211004 방송,5155,25
슈퍼밴드2 14회,＂1등 못하면 억울할 것 같아요( •̀ ω •́ )✧＂ 승부욕으로 똘똘 뭉친 카디🔥 | JTBC 211004 방송,4327,66
슈퍼밴드2 14회,온몸이 들썩😆 희망 가득한 카디의 자작곡 〈Ready to Fly〉♬ | JTBC 211004 방송,22094,568
슈퍼밴드2 14회,"🎉축하🎉 유일무이 국악 파이널리스트 박다울, 생일 선물로 우승 가보자고↗ | JTBC 211004 방송",7161,92
슈퍼밴드2 14회,칼을 갈고 왔습니다.. 4기타로 자작곡 준비한 '포코아포코' | JTBC 211004 방송,3804,33
슈퍼밴드2 14회,기타 4대로 희망을 노래하다🎸 포코아포코의 자작곡 〈Met You〉♬ | JTBC 211004 방송,12753,370
슈퍼밴드2 14회,막둥이 김진산의 간절한 소망 ＂최연소 우승 타이틀 따내고 싶습니다😆＂ | JTBC 211004 방송,4261,35
슈퍼밴드2 14회,서로에게 든든한 버팀목이 되어주는 더 픽스 멤버들… 고맙다🧡 | JTBC 211004 방송,3272,41
슈퍼밴드2 14회,카리스마 끝판왕💥 포기란 없는 더 픽스의 강인한 의지 〈We On Top〉♬ | JTBC 211004 방송,9873,260
슈퍼밴드2 14회,슈밴2 공식 컴퓨터🤖 황현조가 예상한 더 픽스의 우승 확률 ☞ 100% | JTBC 211004 방송,4176,41
슈퍼밴드2 14회,안개를 걷어줄 조기훈 등장! 더 웨일즈 완전체 가보자고👊🏻 | JTBC 211004 방송,3277,42
슈퍼밴드2 14회,무대 자체가 감동이었던..😥 더 웨일즈의 〈Imagine〉♬ | JTBC 211004 방송,14762,374
슈퍼밴드2 14회,＂힘들긴 했는데..＂ 한 손으로 드럼 연주한 조기훈의 소감 | JTBC 211004 방송,4475,51
슈퍼밴드2 14회,마지막 도전x새로운 도전😇 서로의 꿈에 날개가 되어준 크랙실버(´▽`ʃ♡ƪ) | JTBC 211004 방송,9625,152
슈퍼밴드2 14회,소름 쫙! 육감을 충족하는 메탈 사운드☄️ 크랙실버의 〈Time to Rise〉♬ | JTBC 211004 방송,57676,1288
슈퍼밴드2 14회,조카 팬들까지 섭렵 완 ㅋㅋㅋ '전 연령 스타 밴드'로 거듭난 크랙실버🔥  | JTBC 211004 방송,22532,270
슈퍼밴드2 14회,'시네마'가 입을 모아 말한 슈밴 최고의 순간☞ 멤버들 만났을 때♥ | JTBC 211004 방송,9028,131
슈퍼밴드2 14회,가슴이 뻥💥 파워풀한 고음의 티키타카! 시네마의 자작곡 〈항해 (Far away)〉♬ | JTBC 211004 방송,26646,836
슈퍼밴드2 14회,'시네마' 이름처럼 반전있는 영화를 만들겠다는 기탁🎬 | JTBC 211004 방송,10392,166
슈퍼밴드2 14회,폭발적인 무대를 마친 여섯 팀! 이중 당신의 '슈퍼밴드'는? | JTBC 211004 방송,6964,44
슈퍼밴드2 14회,무대 위에 꽃을 활짝 피운 루시의 축하무대(❁´◡`❁) 〈개화〉♬ | JTBC 211004 방송,12420,340
슈퍼밴드2 14회,'전 시즌 우승 팀🏆' 호피폴라의 깊이 있는 무대✨ 〈너의 바다〉♬ | JTBC 211004 방송,23110,1137
슈퍼밴드2 14회,최종 5위 포코아포코 & 6위 더 웨일즈 ＂너무 행복한 시간이었습니다＂ | JTBC 211004 방송,7456,48
슈퍼밴드2 14회,최종 3위 카디 & 4위 더 픽스 ＂응원해 주셔서 감사합니다!＂ | JTBC 211004 방송,12553,84
슈퍼밴드2 14회,'슈퍼밴드2 우승 팀' 크랙실버🏆 ＂모든 밴드들이 다시 무대 위에 설 수 있기를＂ | JTBC 211004 방송,81718,997
슈퍼밴드2 14회,준우승 시네마의 수상소감 ＂감사하고 사랑합니다♥＂ | JTBC 211004 방송,28151,330
슈퍼밴드2 13회,☆거문고+이펙터★ 카디의 첫 데뷔 무대를 위한 필승 전략💥 | JTBC 210927 방송,14690,142
슈퍼밴드2 13회,브레이크란 없다🔥 美친 듯이 달리는 카디의 질주 무대↗ 〈7000RPM〉♬ | JTBC 210927 방송,41583,1211
슈퍼밴드2 13회,카디 무대에 윤종신의 예언..! 전 세계를 돌아다니고 있지 않을까🤓? | JTBC 210927 방송,20138,198
슈퍼밴드2 13회,강렬한 자작곡으로 스타트를 끊어준 카디의 점수는? | JTBC 210927 방송,14423,98
슈퍼밴드2 13회,파워 드럼 조기훈의 부재ㅠ_ㅠ 아쉽지만 1등을 약속하는 더 웨일즈🤙🏻 | JTBC 210927 방송,8219,50
슈퍼밴드2 13회,이젠 피하지 않아📢 더 웨일즈의 젊은 패기를 담은 자작곡 〈Break it〉♪  | JTBC 210927 방송,11233,263
슈퍼밴드2 13회,"평균 나이 제일 어린 더 웨일즈, 연주 실력만큼은 어리지 않다v^_^v | JTBC 210927 방송",5500,52
슈퍼밴드2 13회,드러머의 부재가 느껴져 아쉬움을 남긴 더 웨일즈의 점수는? | JTBC 210927 방송,4355,24
슈퍼밴드2 13회,강력한 우승후보👊 이제는 피보다 진한 사이 「시네마」 | JTBC 210927 방송,5621,125
슈퍼밴드2 13회,힘들 때 서로에게 힘이 돼줬던 시네마의 첫 자작곡 〈RUN〉♬ | JTBC 210927 방송,38192,1041
슈퍼밴드2 13회,"울지 마˃⍨˂̥̥,, 시네마를 만나고 김슬옹에게 새로 생긴 꿈🌙 | JTBC 210927 방송",10276,214
슈퍼밴드2 13회,"팀의 시그니처 색을 보여준 첫 자작곡, 시네마의 점수는? | JTBC 210927 방송",6542,75
슈퍼밴드2 13회,🔥매운맛 언니들이 출격한다🔥 대체 불가 네 명이 모인 '더 픽스' | JTBC 210927 방송,5308,49
슈퍼밴드2 13회,＂더 이상 물러날 곳이 없다♨＂ 걸크러시 밴드 '더 픽스'의 〈Do or Die〉♬ | JTBC 210927 방송,16194,521
슈퍼밴드2 13회,린나경의 조합에 황현조의 스케일이 더해져 대.폭.발💣 | JTBC 210927 방송,8249,69
슈퍼밴드2 13회,폭발적인 무대와 좋은 합을 보여준 더 픽스의 점수는? | JTBC 210927 방송,5969,31
슈퍼밴드2 13회,기타 4대의 한계..?! 편곡의 벽에 부딪힌 포코아포코😱 | JTBC 210927 방송,4901,39
슈퍼밴드2 13회,당신들 기타 소리가 내 심장을 울려..⭐ 포코아포코의 〈Daddy〉♬ | JTBC 210927 방송,16102,366
슈퍼밴드2 13회,포코아포코의 한계는 어디까지?!😮 진정한 밴드의 의미를 보여준 무대b | JTBC 210927 방송,7529,45
슈퍼밴드2 13회,다음 무대가 더 기대 되는 팀! 포코아포코의 점수는? | JTBC 210927 방송,5516,17
슈퍼밴드2 13회,싸이언은 다 계획이 있구나..?(˵¯͒⌄¯͒˵) 새롭게 모인 크랙실버가 보여줄 무대는? | JTBC 210927 방송,7821,112
슈퍼밴드2 13회,진한 여운.. 멤버들 모두를 울린💧 크랙실버의 〈Home Sweet Home〉♬ | JTBC 210927 방송,51610,1503
슈퍼밴드2 13회,객관적인 판단 불가능?! 심사위원조차 무너지게 한 크랙실버ʕ ཀ ⌂ ཀ ʔ | JTBC 210927 방송,31631,329
슈퍼밴드2 13회,호평의 연속..! 원곡을 잘 살려낸 크랙실버의 점수는? | JTBC 210927 방송,23645,168
슈퍼밴드2 13회,"결승으로 가는 지름길⚡️, 결선 1차전 최종 순위는? | JTBC 210927 방송",11183,33
슈퍼밴드2 13회,[카디 VS 크랙실버] 결선 1차전 최종 1위는 누구?  | JTBC 210927 방송,19038,133
슈퍼밴드2 13회,제이유나를 향한 한 마디 ＂저보다 동생이면 형 死죠^^＂ | 슈퍼밴드2 🎸포코아포코🎸 케미 유형 테스트💥,2927,38
슈퍼밴드2 13회,＂짜장 붕어빵 알아여??(숙연.....ㅋㅋㅋ)＂ | 슈퍼밴드2 🎟시네마🎟 케미 유형 테스트💥,2556,120
슈퍼밴드2 13회,“민초 안 먹으면 이 안 닦는 사람이야•••” | 슈퍼밴드2 🐳더 웨일즈🐳 케미 유형 테스트💥,1717,29
슈퍼밴드2 13회,＂그래서 우리 다음 여행지 북극이라고?❄️＂ | 슈퍼밴드2 ⚡️더 픽스⚡️ 케미 유형 테스트💥,1615,33
슈퍼밴드2 13회,＂첫째에게 자상하지가 않아..!!😤＂ | 슈퍼밴드2 🔊크랙실버🔊 케미 유형 테스트💥,4649,103
슈퍼밴드2 13회,“나이 드신 분들이라 팥을 좋아하시네~~” | 슈퍼밴드2 ❤️카디❤️ 케미 유형 테스트💥,3273,65
슈퍼밴드2 13회,[입덕영상] 목표는 10만( •̀ ω •́ )✧ 드디어 하오탁에 방문한 맏형 김슬옹!,2088,127
슈퍼밴드2 13회,[입덕영상] 자작곡이 술술 나오는 더 픽스의 마법 돗자리(?) 방법은 일.단.눕.는.다.💛,1588,24
슈퍼밴드2 13회,[입덕영상] 동생들 놀리기가 젤 쉬웠어요 뿌우🐳 오늘도 화목한 더 웨일즈O(∩_∩)O,1908,37
슈퍼밴드2 13회,[입덕영상] 카디 가족의 훈훈한 추석 상😋 이 집 부부금슬 여전하네~,2796,43
슈퍼밴드2 13회,[입덕영상] 🏃철쓰&싸스의 런닝🏃 뛰느라 찍느라 너무 바빠쓰 (ft. 생일 파티❤️),3469,90
슈퍼밴드2 13회,[입덕영상] 댕댕이들의 댕댕이 노래🐶 제이유나x진산의 즉흥 Song 〈복슬강아지〉♬,4319,45
슈퍼밴드2 13회,슈퍼밴드2 최종회 예고편 - 제2대 슈퍼밴드는 과연 누구?,17953,59
슈퍼밴드2 13회,[단독 선공개] 기대감 증폭🔥 도입부부터 강렬한 KARDI의 자작곡 〈7000RPM〉♬ 〈슈퍼밴드2〉 9/27(월) 밤 9시 방송!,138664,649
슈퍼밴드2 12회,~시골 향기~ 곡성(?)에 나올 법한 박다울네 문경 하우스🏡 | JTBC 210920 방송,8509,59
슈퍼밴드2 12회,다들 한 SWAG^^;; 노잼인 듯 아닌 듯 황린 팀의 가사 낭독🎶 | JTBC 210920 방송,4811,32
슈퍼밴드2 12회,빈센트가 나타났다..? 백일장 꼴등 전성배의 벌칙 타임🤣 | JTBC 210920 방송,4768,40
슈퍼밴드2 12회,[즉흥잼] 자연의 소리와🍃 어우러진 황린 팀의 〈연극이 끝난 후〉♬ | JTBC 210920 방송,5402,86
슈퍼밴드2 12회,개성파 황린 팀의 당찬 포부↗ 우승하고 금의환향하리라🌠 | JTBC 210920 방송,3333,39
슈퍼밴드2 12회,"세 보이는 언니들이 다 모였다★ 반품원정대 탄생, 린지 팀💥 | JTBC 210920 방송",8721,63
슈퍼밴드2 12회,Like 정글..🤨 가파른 경사를 넘어야 하는 린지 팀의 캠핑길💨 | JTBC 210920 방송,3253,29
슈퍼밴드2 12회,슈퍼밴드 인간 컴퓨터 ☞ 황현조 ☜ 알고 보니 허당 ㅋㅋ | JTBC 210920 방송,3898,36
슈퍼밴드2 12회,[즉흥잼] 분위기에 취하는💫 린지 팀의 〈거꾸로 강을 거슬러 오르는 저 힘찬 연어들처럼〉♪ | JTBC 210920 방송,4874,57
슈퍼밴드2 12회,(쿠키 영상🍪) 팀 사랑 듬뿍 들어간 정나영의 '팀 소개 송'♩ | JTBC 210920 방송,3054,32
슈퍼밴드2 12회,〈슈퍼밴드2〉는 장하은 부모님의 심장을 떨리게 만든다..💓 | JTBC 210920 방송,6448,37
슈퍼밴드2 12회,[즉흥잼] 모녀의 파워풀한 듀엣 연주🎸 장하은x이현주의 〈Triveni〉♬ | JTBC 210920 방송,15258,125
슈퍼밴드2 12회,"[즉흥잼] 후배들의 답가(,,＞ ＜,,)♡ 제이유나 팀 〈Stayin' Alive〉♬ | JTBC 210920 방송",6202,89
슈퍼밴드2 12회,아직도 회자되는 장하은의 ＂뮤트 사건＂ 비하인드 SSUL. 🤣 | JTBC 210920 방송,6439,41
슈퍼밴드2 12회,'임기옹변' 1호 팬(=슬옹 할머니)을 위한 립싱크 ver. 'Boomerang'♪ | JTBC 210920 방송,5644,162
슈퍼밴드2 12회,[즉흥잼] 저 금요일에 시간 있어요..😊 달콤한 네 남자의 〈금요일에 만나요〉♬ | JTBC 210920 방송,6145,203
슈퍼밴드2 12회,멋있다(˵ ͡° ͜ʖ ͡°˵) 한 팀이 되어 같이 보는 임기옹변의 '프로듀서 오디션' | JTBC 210920 방송,5717,138
슈퍼밴드2 12회,임기옹변 파이팅( •̀ᴗ•́ )و ̑̑  팀을 넘은 가족 같은 사이가 된 기탁 팀♡ | JTBC 210920 방송,4719,118
슈퍼밴드2 12회,진짜 요리사 '빈센트'vs 취미 요리사 '양장세민' 요리 대결🔥 | JTBC 210920 방송,6681,58
슈퍼밴드2 12회,♨️진 팀은 설거지♨️ 멤버들이 평가하는 요리 대결 승자는 과연?! | JTBC 210920 방송,5392,51
슈퍼밴드2 12회,음악 천재들👍 '오은철X김준서'가 즉석에서 만들어낸 하모니🎹 | JTBC 210920 방송,8941,206
슈퍼밴드2 12회,[즉흥잼] 가을이었다...🍂 양장세민 팀 〈거짓말 거짓말 거짓말〉♪ | JTBC 210920 방송,5384,53
슈퍼밴드2 12회,[즉흥잼] 추석을 제대로 달궈보자🔥 윌리 K팀의 〈아모르 파티〉♬ | JTBC 210920 방송,15181,196
슈퍼밴드2 12회,[미공개영상] POCO a POCO가 온 마음 다해 들려주고픈 노래 〈Desperado〉♬,2362,51
슈퍼밴드2 12회,[미공개영상] CRAXILVER와 The Whales의 흥 폭발 합주↗ 〈Back in Black〉♬,2470,65
슈퍼밴드2 12회,[미공개영상] 감미롭다..☆ 장형섭x장하은 부녀의 섬세한 기타 연주 〈알함브라 궁전의 추억〉♬,2877,42
슈퍼밴드2 12회,[미공개영상] CNEMA의 무한 가능성을 확장시켜준 소중한 곡 〈High Hopes〉♬,3642,146
슈퍼밴드2 12회,[입덕영상] 황린 삼행시에 웃음이 깡그리 도망간 카디네 자동차=33 (ft. 기적의 심폐소생술),2065,31
슈퍼밴드2 12회,[입덕영상] ~40초 만에 게임 종료~ 외래어 참기가 세상에서 제일 어려운 더 픽스 ㅋㅋㅋ,1322,17
슈퍼밴드2 12회,[입덕영상] 역대급 케미^_^ 김준서의 무한 사과🍎에 미안탈트 붕괴 직전(?)인 정석훈,2244,46
슈퍼밴드2 12회,[입덕영상] 맏형 김슬옹의 어딘가 어설픈 요리... 시네마 동생들이 감시 중( •̀ ω •́ )✧,3481,109
슈퍼밴드2 12회,슈퍼밴드2 13회 예고편 - 6팀의 '결선 라운드' 무대 커밍 쑨-★,15037,83
슈퍼밴드2 12회,[단독 선공개] 자연에서 흥얼거려 보는 노래🍃 황린 팀의 〈연극이 끝난 후〉♬ 〈슈퍼밴드2〉 9/20(월) 밤 9시 방송!,13672,221
슈퍼밴드2 11회,운명처럼 탄생'◡' [4악기 4보컬] 조합으로 뭉친 김성현 팀 | JTBC 210913 방송,7674,41
슈퍼밴드2 11회,인생의 모든 순간💫을 표현한 김성현 팀의 〈if this is the last time〉♬ | JTBC 210913 방송,9041,207
슈퍼밴드2 11회,악기에 좀 더 충실했으면… 아쉬움을 남긴 김성현 팀의 무대 | JTBC 210913 방송,3678,27
슈퍼밴드2 11회,전달력이 부족하다는 평가를 받은 김성현 팀의 점수는? | JTBC 210913 방송,2829,16
슈퍼밴드2 11회,서로의 마음 확인!(•̀ᴗ•́)و ̑̑ 기탁 팀 4인방 다시 뭉친다↗ | JTBC 210913 방송,8239,137
슈퍼밴드2 11회,((여운 甲)) 기탁 팀의 강렬한 에너지가 담긴 무대 〈Kings and Queens〉♪ | JTBC 210913 방송,18829,611
슈퍼밴드2 11회,[기탁+임윤성]의 보컬 시너지는 2배도 아니고 4배(๑˘ꇴ˘๑) | JTBC 210913 방송,12275,161
슈퍼밴드2 11회,밴드로서의 합을 인정받은 기탁 팀의 점수는? | JTBC 210913 방송,6438,72
슈퍼밴드2 11회,오랙샷의 새로운 도전‥? 4라운드는 아이돌 곡으로 가보자고!! | JTBC 210913 방송,6175,62
슈퍼밴드2 11회,진짜 센 거 나온다..🔥 무대를 또 찢어버리는 윌리K 팀의 〈Fire〉♬ | JTBC 210913 방송,17885,360
슈퍼밴드2 11회,원곡자 CL에게 새롭게 와닿았던 '오랙샷'의 메탈 ver. 〈Fire〉 | JTBC 210913 방송,8135,59
슈퍼밴드2 11회,기대가 높은 만큼 남은 아쉬움😖 과연 윌리K 팀 점수는? | JTBC 210913 방송,5536,17
슈퍼밴드2 11회,크랙샷을 두고 벌어진 '싸이언VS오은철' 미묘한 신경전ㅋㅋ | JTBC 210913 방송,6837,67
슈퍼밴드2 11회,땅이다 땅이다 땅땅👊 다비 팀 자작곡 〈다 내 땅이다〉♬ | JTBC 210913 방송,7641,61
슈퍼밴드2 11회,개개인이 너무 강렬⚡️ 팀이라기보단 하나의 특별 무대 같았던 다비 팀 | JTBC 210913 방송,3882,15
슈퍼밴드2 11회,파워풀 했지만 아쉬웠던 조화... 다비 팀의 점수는? | JTBC 210913 방송,3242,13
슈퍼밴드2 11회,[순위 발표] 결선에 직행할 최종 1위 팀은? | JTBC 210913 방송,24997,96
슈퍼밴드2 11회,[4라운드 결과] 역대 최다 탈락자 수 총 13명! 과연 탈락자는 누구? | JTBC 210913 방송,14175,31
슈퍼밴드2 11회,※눈물 주의※ 항상 밝은 에너지를 주던..💧 탈락자는? | JTBC 210913 방송,16853,41
슈퍼밴드2 11회,"결선 라운드 '최종 팀' 결성, 제이유나 팀의 완전체 상봉~! | JTBC 210913 방송",13700,65
슈퍼밴드2 11회,잠시 크랙샷 멤버들을 떠났던 싸이언…! 이대로 크랙샷 해체? | JTBC 210913 방송,14039,127
슈퍼밴드2 11회,'김준서'를 원하는 양장세민 팀과 주춤하는 김준서..?! | JTBC 210913 방송,11288,69
슈퍼밴드2 11회,황린을 얻기 위한 묘한 기싸움ㅋㅋ '구 쌍황탕 vs 뉴 쌍황탕' | JTBC 210913 방송,11563,49
슈퍼밴드2 11회,모두가 원하는 한 사람 '황현조' 과연 황현조의 선택은? | JTBC 210913 방송,13952,61
슈퍼밴드2 11회,[입덕영상] 청양 마요 크로스🤗 하.오.탁.에 놀러온 임윤성🎺,5915,129
슈퍼밴드2 11회,[입덕영상] 한겸&석훈&기훈을 위한 '양장램지'의 몸보신 통삼겹구이 o(￣▽￣)ｄ,3574,59
슈퍼밴드2 11회,[입덕영상] 오손도손 황린이네 가족(*^▽^*)의 잔소리꾼 엄마 황인규 ㅋㅋㅋ,4941,68
슈퍼밴드2 11회,[입덕영상] 막내 On Top😎 즉석 야자타임에 물 만난 시한부 서열 1위 정나영,3260,41
슈퍼밴드2 11회,[입덕영상] 드디어 만난 오은철x싸이언의 케미는 환상 or 환장? ㅋㅋㅋㅋ,8405,139
슈퍼밴드2 11회,[입덕영상] ＂너 이름이 왜 네 글자야?＂ 민혁이 형(?) 불호령에 '제유나'로 개명 위기🤣,6344,80
슈퍼밴드2 11회,슈퍼밴드2 12회 예고편 - 결선 라운드를 위한 '팀워크 향상 송캠프'!,21156,88
슈퍼밴드2 11회,[단독 선공개] 다시 뭉친 '오랙샷'의 K-POP 재해석🔥 윌리K 팀의 〈Fire〉♬ 〈슈퍼밴드2〉 9/13(월) 밤 9시 방송!,44635,690
슈퍼밴드2 10회,팀원을 영입하기 위한 양장세민과 김한겸의 윙크😘ㅋㅋ | JTBC 210906 방송,12506,56
슈퍼밴드2 10회,기타도 부수고💥 심장도 부숴버린💥 양장세민 팀의 무대 〈Digital〉♬ | JTBC 210906 방송,17892,283
슈퍼밴드2 10회,A.I 콘셉트 완벽✨ 무대를 빛냈던 양장세민의 창백한 외모(*˙˘˙*)! | JTBC 210906 방송,9287,61
슈퍼밴드2 10회,"프로듀서들의 호평을 받은 첫 무대, 양장세민 팀의 점수는? | JTBC 210906 방송",6615,31
슈퍼밴드2 10회,최연소 4인조 결성👊🏻 각자 이별의 아픔(?)을 겪고 뭉친 이동헌 팀 | JTBC 210906 방송,5768,34
슈퍼밴드2 10회,젊은 패기 뿜뿜↗ 복잡한 생각 날려버리는 이동헌 팀의 〈곱슬머리〉♪  | JTBC 210906 방송,9134,207
슈퍼밴드2 10회,포인트 필요‥! 강력한 '한 테마'를 찾기 어려웠던 이동헌 팀의 무대 | JTBC 210906 방송,5214,25
슈퍼밴드2 10회,엇갈린 평가… 자작곡으로 도전한 이동헌 팀의 점수는? | JTBC 210906 방송,4158,20
슈퍼밴드2 10회,김준서-조혁진의 계획😎 [녹두 형 영입 프로젝트] | JTBC 210906 방송,5374,33
슈퍼밴드2 10회,Back to the 1987↗ 레트로 감성 자극하는 녹두 팀의 〈그대 나를 보면〉♬  | JTBC 210906 방송,11782,290
슈퍼밴드2 10회,응원단장 녹두(?) 신나는 응원가 같았던 녹두 팀 평가 | JTBC 210906 방송,6031,27
슈퍼밴드2 10회,"새롭게 해석한 80년대 신스팝, 녹두 팀의 점수는? | JTBC 210906 방송",4842,20
슈퍼밴드2 10회,내내 서로를 원했던 문수진-전성배🔥 발로-황인규 함께 만난 조합 | JTBC 210906 방송,5707,30
슈퍼밴드2 10회,늑대 인간들의 파티🐺 카리스마 넘치는 발로 팀의 〈으르렁(Growl)〉♬ | JTBC 210906 방송,12676,177
슈퍼밴드2 10회,"넘치는 에너지 그러나, 아쉬웠던 밴드의 조화 발로 팀의 심사평 | JTBC 210906 방송",5872,29
슈퍼밴드2 10회,"프로듀서들의 의견이 갈린 무대⚡️, 과연 발로 팀의 점수는? | JTBC 210906 방송",4715,22
슈퍼밴드2 10회,🏰견고한 철옹성🏰 믿음으로 다시 뭉친 제이유나 팀 | JTBC 210906 방송,9139,66
슈퍼밴드2 10회,무려 4.기.타. 제이유나 팀의 무대 〈Everybody Wants To Rule The World〉♬ | JTBC 210906 방송,52532,1367
슈퍼밴드2 10회,2021년에 들었던 음악 중에 최고👍 엄청난 호평을 들은 제이유나 팀 | JTBC 210906 방송,27302,192
슈퍼밴드2 10회,호평의 연속! 기타 어벤져스 제이유나 팀의 점수는? | JTBC 210906 방송,15526,85
슈퍼밴드2 10회,무서운(?) 조합 완성💪🏻 7승 보유한 프런트맨 출신들이 모인 황현조 팀 | JTBC 210906 방송,11345,98
슈퍼밴드2 10회,시작부터 레전드.. 강렬함 그 자체인 황현조 팀의 〈Legends Never Die〉♬ | JTBC 210906 방송,52132,1496
슈퍼밴드2 10회,'호 3콤보' 황현조 팀 무대에 할 말을 잃은 심사위원들(๑°⌓°๑) | JTBC 210906 방송,28136,202
슈퍼밴드2 10회,각각의 개성이 뚜렷했던 무대..! 과연 황현조 팀의 점수는? | JTBC 210906 방송,18054,77
슈퍼밴드2 10회,[입덕영상] 슈밴즈의 수강신청 대작전( •̀ ω •́ )✧ 2학기 위너는 누구?,4785,52
슈퍼밴드2 10회,[입덕영상] 황탕의 케미를 보여줘↗ 전성배x황인규의 셀프캠 따라잡기🤗,3274,107
슈퍼밴드2 10회,[입덕영상] ~초능력 밴드 발로 팀🖤~ 각자 간지나는 초능력 하나씩 맡았습니다.,4676,52
슈퍼밴드2 10회,슈퍼밴드2 11회 예고편,24486,68
슈퍼밴드2 10회,[단독 선공개] 모두가 궁금한 '왕 소라'의 정체! 황현조 팀의 〈Legends Never Die〉♬ 〈슈퍼밴드2〉 9/6(월) 밤 9시 방송!,62501,673
슈퍼밴드2 9회,새로운 도전 가즈아↗ 녹두와 클래식 악기 3인방이 만났다!! | JTBC 210830 방송,9530,43
슈퍼밴드2 9회,녹두 팀의 섬세한 하모니💫에 빠져드는 무대 〈No Surprises〉♪ | JTBC 210830 방송,12801,221
슈퍼밴드2 9회,녹두 팀의 의도를 이해하기 어려운 편곡이었던 무대… | JTBC 210830 방송,5262,23
슈퍼밴드2 9회,프로듀서들의 평가가 엇갈렸던 녹두 팀의 점수는? | JTBC 210830 방송,3655,14
슈퍼밴드2 9회,싸이언 쓰앵님 🤟🏻록 퍼포먼스🤟🏻 전수받은 김예지 팀 ㅋㅋ | JTBC 210830 방송,7970,41
슈퍼밴드2 9회,"김예지 팀은 오늘도 무대를 찢어,,💥 〈Sherlock·셜록(Clue+Note)〉♬ | JTBC 210830 방송",42064,310
슈퍼밴드2 9회,김예지 보컬의 강약 조절이 아쉬웠다는 유희열 프로듀서 | JTBC 210830 방송,10315,35
슈퍼밴드2 9회,폭발적인 록 무대를 보여준 김예지 팀의 점수는? | JTBC 210830 방송,6302,24
슈퍼밴드2 9회,파격 앙상블(*•̀ᴗ•́*)و ̑̑ 기타만 3명(!)을 더 뽑은 프런트맨 제이유나 | JTBC 210830 방송,7342,55
슈퍼밴드2 9회,기타 연주로 천국 여행 가능😇 제이유나 팀의 〈Higher Ground〉♩ | JTBC 210830 방송,37417,962
슈퍼밴드2 9회,조회 수 폭발 각(*´∇｀)ﾉ 윤상 마음에 쏘-옥 든 제이유나 팀의 무대 | JTBC 210830 방송,19342,166
슈퍼밴드2 9회,기타로 완벽한 호흡을 보여준 제이유나 팀의 점수는? | JTBC 210830 방송,9724,48
슈퍼밴드2 9회,'청양고추 마요 소스'처럼 반전 매력 돋는 기탁x임윤성의 조합...! | JTBC 210830 방송,14647,173
슈퍼밴드2 9회,스트레스 안녕~👋🏻 사이다 같은 기탁 팀의 무대 〈Boomerang〉♬ | JTBC 210830 방송,48459,1374
슈퍼밴드2 9회,호평 일색😊 좋은 편곡과 에너지로 극찬 받은 기탁 팀 | JTBC 210830 방송,29943,337
슈퍼밴드2 9회,프로듀서들에게 무한 칭찬받았던 기탁 팀의 점수는? | JTBC 210830 방송,14900,141
슈퍼밴드2 9회,슈퍼밴드2 찐팬 하림에게 배우는 월드 악기 '허디거디'🌏 | JTBC 210830 방송,6386,29
슈퍼밴드2 9회,"조명, 온도, 습도 모두 완벽..☆ 김준서 팀의 〈I Won't Give Up〉♪ | JTBC 210830 방송",9903,154
슈퍼밴드2 9회,조화 VS 아쉬움... 호평과 혹평을 넘나드는 김준서 팀의 평가 (._. )＞ | JTBC 210830 방송,4579,23
슈퍼밴드2 9회,프로듀서들의 다양한 평가를 받았던 김준서 팀의 점수는? | JTBC 210830 방송,3695,12
슈퍼밴드2 9회,1위는 4라운드 직행↗ B조 경연 결과 공개( •̀ ω •́ )✧ | JTBC 210830 방송,8675,42
슈퍼밴드2 9회,[3라운드 결과] A조·B조 1위 팀 제외! 36명 중 탈락자는 누구? | JTBC 210830 방송,11582,28
슈퍼밴드2 9회,모두가 달려가 안긴💧 3라운드 추가 탈락자는? | JTBC 210830 방송,13989,40
슈퍼밴드2 9회,4라운드 '자유 조합' 미션에 노선 변경한 크랙샷... 이대로 해체💥? | JTBC 210830 방송,20405,93
슈퍼밴드2 9회,[입덕영상] 둘이 뭐야 뭐야~( ͡° ͜ʖ ͡°) 왜 달달한데ㅠㅋㅋ 하.오.탁 〈EP. 변정호〉,11409,222
슈퍼밴드2 9회,[입덕영상] 밥에 진심인 제이유나 팀..🤣 감동의 영상편지(?),7938,99
슈퍼밴드2 9회,슈퍼밴드2 10회 예고편,21825,60
슈퍼밴드2 9회,[단독 선공개] 기타 4인방의 무대🎸 제이유나 팀의 〈Higher Ground〉♬ 〈슈퍼밴드2〉 8/30(월) 밤 9시 방송!,36517,384
슈퍼밴드2 8회,스윗한 프런트맨♥ 정석훈이 남긴 히든 메시지✉️ | JTBC 210823 방송,12881,89
슈퍼밴드2 8회,정석훈 팀의 세상 즐거운 컨트리 무대🎶 〈What A Man Gotta Do〉♪ | JTBC 210823 방송,17564,276
슈퍼밴드2 8회,'아이유 세션' 정석훈이 보여준 프런트맨으로서의 활약..bb | JTBC 210823 방송,8740,66
슈퍼밴드2 8회,멋진 팀워크✨를 보여준 정석훈 팀의 최고·최저 점수는? | JTBC 210823 방송,5232,18
슈퍼밴드2 8회,로딩 완료🤖 '로봇 프런트맨' 황현조의 새로운 도전↗ | JTBC 210823 방송,5465,25
슈퍼밴드2 8회,감성 촉촉(❁´◡`❁) 없는 이별도 소환하는 황현조 팀의 〈Y〉♬ | JTBC 210823 방송,11662,99
슈퍼밴드2 8회,실험적이었지만 다소 아쉬움을 남긴 황현조 팀의 편곡...💦 | JTBC 210823 방송,4952,16
슈퍼밴드2 8회,추억의 명곡을 재해석했던 황현조 팀의 점수는😊? | JTBC 210823 방송,4374,12
슈퍼밴드2 8회,드디어 김한겸을 갖게 된(?) 박다울의 야심찬 계획( •̀ ω •́ )✧ | JTBC 210823 방송,7610,78
슈퍼밴드2 8회,독보적 정글 사운드 속으로 가보자고~🛫 박다울 팀의 〈동이 튼다〉♬ | JTBC 210823 방송,22157,588
슈퍼밴드2 8회,밸런스 최강💕 상호보완 팀워크를 보여준 박다울 팀 *^▽^* | JTBC 210823 방송,10966,61
슈퍼밴드2 8회,강렬한 무대⚡️를 보여준 박다울 팀의 점수는? | JTBC 210823 방송,6455,27
슈퍼밴드2 8회,다 때려 부수자💥 제대로 놀고 싶은 린지 팀의 무대 커밍 쑨★ | JTBC 210823 방송,4621,18
슈퍼밴드2 8회,고민 고민 하지 마 Girl😉 무대를 제대로 즐긴 린지 팀의 〈U-Go-Girl〉♬ | JTBC 210823 방송,11658,85
슈퍼밴드2 8회,리액션 장인 쵸프라까야의 팬이라는 이효리(*^▽^*) | JTBC 210823 방송,12467,70
슈퍼밴드2 8회,프로듀서들의 아쉬운 평가를 받은 린지 팀의 점수는? | JTBC 210823 방송,4866,14
슈퍼밴드2 8회,크랙샷은 끝났다?! 오은철 영입으로 새롭게 탄생한 오랙샷🙋🏻‍♂️ | JTBC 210823 방송,22606,338
슈퍼밴드2 8회,Oops!.. 흡혈귀🧛🏻가 깨어난 것 같은 윌리K 팀의 〈Oops!... I Did It Again〉♩ | JTBC 210823 방송,114304,3469
슈퍼밴드2 8회,빈센트의 재발견↗ 보컬 칭찬받은 빈센트 눈물샘 폭발😭  | JTBC 210823 방송,78751,932
슈퍼밴드2 8회,모두를 깜짝😲 놀라게 만든 윌리K 팀의 점수는? | JTBC 210823 방송,34289,333
슈퍼밴드2 8회,최강 조합👊🏻 황린 팀의 부족함을 채워줄 팀원 ☞ ପ다비ଓ | JTBC 210823 방송,11811,40
슈퍼밴드2 8회,이게 바로 힙한 밴드✨ 트렌디함의 끝을 보여준 황린 팀의 〈Mine〉♬ | JTBC 210823 방송,18717,148
슈퍼밴드2 8회,음악적 고민을 앞둔 황린 팀에 프로듀서들의 애정 어린 조언‥! | JTBC 210823 방송,9713,31
슈퍼밴드2 8회,곡의 완성도가 프로페셔널했던 황린 팀의 점수는? | JTBC 210823 방송,7072,29
슈퍼밴드2 8회,[A조 최종 순위] 본선 4라운드로 가는 '1위' 팀은 과연❓❗ | JTBC 210823 방송,16800,63
슈퍼밴드2 8회,[입덕영상] 김준서의 왓츠 인 마이 백 (ft. 형들의 사랑❤️),3594,52
슈퍼밴드2 8회,[입덕영상] 머..멋진데 웃겨;; 황린 팀 방구석 패션쇼ㅣDAVII COLLECTION,3794,37
슈퍼밴드2 8회,[입덕영상] 100% 리얼 ㄷㄷ.. 황현조 팀을 떨게 만든 합주실 귀신😨,3282,27
슈퍼밴드2 8회,슈퍼밴드2 9회 예고편,24956,57
슈퍼밴드2 8회,[단독 선공개] 빈센트와 찰떡 선곡.. 윌리K 팀의 〈Oops!... I Did It Again〉♬ 〈슈퍼밴드2〉 8/23(월) 밤 9시 방송!,53890,648
슈퍼밴드2 7회,황현조 팀의 필승 전략 ☞ 영화 속 빌런으로 파격 변신😤😤 | JTBC 210809 방송,13198,32
슈퍼밴드2 7회,악당으로 변신 대성공😈 사람 홀리는 황현조 팀의 〈Heartbreaker〉♬ | JTBC 210809 방송,19236,201
슈퍼밴드2 7회,＂프로듀서 1등은 황현조 씨!!＂ 무대 보고 반한 유희열의 극찬🤓 | JTBC 210809 방송,10246,33
슈퍼밴드2 7회,((더블 프로듀서)) DJ 발로의 과감한 팀원 선택┏DJ 루디┛♪ | JTBC 210809 방송,6710,41
슈퍼밴드2 7회,"퍼포먼스 美침 주의,, 강렬 그 자체를 보여준 발로 팀의 〈Time is running out〉♩ | JTBC 210809 방송",35955,413
슈퍼밴드2 7회,좀 늦게 태어날걸..'◡' 발로 팀의 무대에 같이 놀고 싶은 윤상🌈 | JTBC 210809 방송,11192,59
슈퍼밴드2 7회,프로듀서들의 자존심이 걸린 대결🔥 황현조 팀 VS 발로 팀의 결과는? | JTBC 210809 방송,7429,24
슈퍼밴드2 7회,린지 팀은 '포지션' 바꿔가면서 합주의 재미를 느끼는 중~(๑＞ᴗ＜๑) | JTBC 210809 방송,7551,32
슈퍼밴드2 7회,리듬 안 타면 유죄😉 린지 팀의 당당한 포부가 보이는 〈Don't Look Back〉♬  | JTBC 210809 방송,28959,657
슈퍼밴드2 7회,＂미칠 것 같아요＂ 덕심 자극하는 린지 팀 무대에 유희열 혼절 위기ㅋㅋ | JTBC 210809 방송,16337,76
슈퍼밴드2 7회,[선전포고] 의리로 똘똘 뭉친 이동헌-손진욱-정민혁의 필승 의지🤜🏻 | JTBC 210809 방송,5027,29
슈퍼밴드2 7회,소나기 맞고 있는 기분☔️ 이동헌 팀의 감성이 돋보이는 〈여름꽃〉♪ | JTBC 210809 방송,16572,578
슈퍼밴드2 7회,역시 밴드 경력직👍🏻 꽉 찬 사운드를 보여준 이동헌 팀 | JTBC 210809 방송,6227,46
슈퍼밴드2 7회,3인조 밴드의 자작곡 대결🎶 린지 팀 vs 이동헌 팀의 결과는? | JTBC 210809 방송,6243,15
슈퍼밴드2 7회,다시 '윤상의 남자'가 되고 싶은 변정호 VS 대니구( •̀ ω •́ )✧ | JTBC 210809 방송,6404,34
슈퍼밴드2 7회,진짜로 빨가벗었다(??!) 진중한 팀 사운드로 승부하는 김예지 팀👊🏻 | JTBC 210809 방송,10358,92
슈퍼밴드2 7회,오롯이 느껴지는 따뜻한 감성😊 김예지 팀의 〈House I Used to Call Home〉♪ | JTBC 210809 방송,67509,1742
슈퍼밴드2 7회,'낯섦을 뛰어넘는 훌륭한 무대' 김예지 팀을 향한 윤종신의 극찬! | JTBC 210809 방송,30041,181
슈퍼밴드2 7회,무기는 연주🔥 김슬옹 팀의 진가를 보여줄 '4악장 구성' | JTBC 210809 방송,10346,74
슈퍼밴드2 7회,모세혈관까지 들썩거리는 김슬옹 팀의 신나는 연주 〈Get Lucky〉♬ | JTBC 210809 방송,30445,844
슈퍼밴드2 7회,[심사평] 연주 끝판왕들의 서커스🎪 같았던 김슬옹 팀의 무대 | JTBC 210809 방송,11712,48
슈퍼밴드2 7회,감성과 기술의 대결⚡️ 김예지 팀 vs 김슬옹 팀의 결과는? | JTBC 210809 방송,12217,40
슈퍼밴드2 7회,모두의 눈물샘을 폭발시킨 [본선 2라운드 탈락자]는 누구? | JTBC 210809 방송,17357,43
슈퍼밴드2 7회,ㄴ상상도 못한ㄱ 2라운드 탈락자에 깜짝 놀란 참가자들...! | JTBC 210809 방송,20104,46
슈퍼밴드2 7회,[입덕영상] 다온이의 5cm의 비밀을 밝힌다🔥 (제보자: 임윤성-유환주),4828,49
슈퍼밴드2 7회,[입덕영상] 카리스마 넘치던 빈센트 팀의 '크랙샷 비하인드' (ft. 손부채질ㅋㅋㅋ),11144,133
슈퍼밴드2 7회,[입덕영상] 17살 막내 김진산이 요청받은 난해한(?) 갬성☁️,8766,73
슈퍼밴드2 7회,[고민말해방✨] 김준서(Kim Joonseo) 의 고민 ＂게임 끊어야 되는데.. 같이 하실래요?🤓＂ | 슈퍼밴드2(Superband2),1815,43
슈퍼밴드2 7회,[고민말해방✨] 대니구(Danny Koo) 의 고민 ＂이제 아.아에서 따.아로 넘어갈 때가 된 걸까요..?＂ | 슈퍼밴드2(Superband2),1566,37
슈퍼밴드2 7회,[고민말해방✨] 데미안(DEMIAN) 의 고민 ＂다음 라운드에 갈 수 있을까요?＂ | 슈퍼밴드2(Superband2),1117,26
슈퍼밴드2 7회,"[고민말해방✨] 문수진(Moon Sujin) 의 고민 ＂요즘따라 체력이 많이 떨어져서 고민이에요,,😱＂ | 슈퍼밴드2(Superband2)",754,10
슈퍼밴드2 7회,[고민말해방✨] 발로(VALO) 의 고민 ＂앞으로 저는 어떻게 해야 할까요?＂ | 슈퍼밴드2(Superband2),1140,27
슈퍼밴드2 7회,[고민말해방✨] 은아경(Eun Ahkyung) 의 고민 ＂다음 라운드는 어떻게 준비해야 할까요?＂ | 슈퍼밴드2(Superband2),796,8
슈퍼밴드2 7회,[고민말해방✨] 이동헌(Lee Dongheon) 의 고민 ＂요즘 잠을 잘 못 자는 게 고민이에요..😢＂ | 슈퍼밴드2(Superband2),598,18
슈퍼밴드2 7회,[고민말해방✨] 장하은(Jang Haeun) 의 고민 ＂목이 아픈 게 고민이에요..ㅠㅠ＂ | 슈퍼밴드2(Superband2),1170,22
슈퍼밴드2 7회,"[고민말해방✨] 고3 쵸프라까야(Kaya Chopra)의 고민 ＂앞으로의 제 미래, 어떻게 해야 할까요🍀＂ | 슈퍼밴드2(Superband2)",1565,34
슈퍼밴드2 7회,[고민말해방✨] 황린(Hwang Leen) 의 고민 ＂고민이 없는 게 고민이에요!＂ | 슈퍼밴드2(Superband2),1328,22
슈퍼밴드2 7회,[고민말해방✨] 조혁진(Jo Hyukjin) 의 고민 ＂머리카락을 너무 짧게 잘라서 고민이에요ㅠ＂ | 슈퍼밴드2(Superband2),2036,22
슈퍼밴드2 7회,[입덕영상] 무대 볼 때 꼭 있다! 슈밴2 참가자들의 리액션 유형 모음▷▶,2812,53
슈퍼밴드2 7회,[입덕영상] 흥보 춤 발사~! ＂기가 막혔던＂ 슬옹 팀 후보곡,3573,68
슈퍼밴드2 7회,[리액션캠] '김예지 팀'이 라이벌 1열에서 〈난 괜찮아〉 직관하는 법ㅋㅋㅋ,5503,96
슈퍼밴드2 7회,[입덕영상] 월요일만 기다리는 분들을 위해 털었습니다! 슈밴2 하드 털이📂,6335,61
슈퍼밴드2 7회,슈퍼밴드2 8회 예고편,37461,137
슈퍼밴드2 7회,[단독 선공개] 연주계의 어벤저스가 뭉쳤다🔥 김슬옹X변정호X김성현의 〈Get Lucky〉♬ 〈슈퍼밴드2〉 8/9(월) 밤 9시 방송!,55500,509
슈퍼밴드2 6회,기탁의 진솔한 목소리에 눈물 흘린 쵸프라까야💧 | JTBC 210802 방송,15006,62
슈퍼밴드2 6회,미니멀한 사운드로 전해지는 기탁 팀의 뜨거운 진심 〈달팽이〉♬ | JTBC 210802 방송,14555,169
슈퍼밴드2 6회,멤버들의 역량이 골고루 보이지 않아 아쉬웠던 기탁 팀의 무대😞 | JTBC 210802 방송,5857,32
슈퍼밴드2 6회,상반된 매력을 보여준 두 밴드(❁´◡`❁) 녹두 팀 VS 기탁 팀의 결과는? | JTBC 210802 방송,6772,28
슈퍼밴드2 6회,"제이유나&문수진, 유병욱 애창곡으로 대동단결( •̀ ω •́ )🎶 | JTBC 210802 방송",4801,12
슈퍼밴드2 6회,귀에 쏙쏙 박히는 달콤한 투 보컬🍬 제이유나 팀의 〈박하사탕〉♬ | JTBC 210802 방송,14809,87
슈퍼밴드2 6회,완벽한 조화👍🏻 프로듀서들의 호평을 부른 제이유나 팀의 '방향성' | JTBC 210802 방송,5385,13
슈퍼밴드2 6회,자신감 가득🔥 어쿠스틱 기타에 도전하는 다온이🐹 | JTBC 210802 방송,6249,41
슈퍼밴드2 6회,세 남자의 깊은 감성🍂이 느껴지는 임윤성 팀의 〈Human〉♬ | JTBC 210802 방송,19348,345
슈퍼밴드2 6회,호평 일색! 제대로 성공한 임윤성 팀의 '리얼 사운드' ♪(´▽｀)~ | JTBC 210802 방송,9619,69
슈퍼밴드2 6회,투 보컬 밴드의 정면 대결(•ˋ _ ˊ•)👊🏻 제이유나 팀 VS 임윤성 팀의 결과는? | JTBC 210802 방송,6872,26
슈퍼밴드2 6회,예측 불가 국악인💥 박다울의 2라운드 전략 ☞ '적을 가까이에!' | JTBC 210802 방송,8769,69
슈퍼밴드2 6회,범접 불가🐸 박다울 팀만의 개성이 돋보이는 〈청개구리〉♬ | JTBC 210802 방송,40945,755
슈퍼밴드2 6회,조화 그 자체..★ 정갈한 앙상블과 하모니를 완성한 박다울 팀👍🏻 | JTBC 210802 방송,14982,116
슈퍼밴드2 6회,＂무겁고 짙은 감성으로 다가가자＂ 김한겸 팀의 감성 전략을 위한 노력 | JTBC 210802 방송,7111,38
슈퍼밴드2 6회,美쳤다.. 깊은 감성을 전달한 김한겸 팀의 〈나의 외로움이 널 부를 때〉♬ | JTBC 210802 방송,27170,644
슈퍼밴드2 6회,김한겸 팀의 편곡에 감동받은 유희열의 극찬✨ (ft. 장필순 밴드) | JTBC 210802 방송,11416,98
슈퍼밴드2 6회,수준 높은 무대를 보여준 '박다울 팀 VS 김한겸 팀'의 결과는? | JTBC 210802 방송,9968,29
슈퍼밴드2 6회,밀림의 제왕은 누구? 빈센트 팀🦁과 황린 팀🐯의 포효🔥🔥 | JTBC 210802 방송,5772,26
슈퍼밴드2 6회,~2연패 가즈아~ 80년대 하드록에 도전하는 빈센트 팀👊🏻 | JTBC 210802 방송,6459,65
슈퍼밴드2 6회,찢었다💥 제대로 '크'며들게 만드는 빈센트 팀의 〈달의 몰락〉♪  | JTBC 210802 방송,44483,906
슈퍼밴드2 6회,내 총을 받아랏🔫 장난감 총까지 등장한 빈센트 팀의 무대..b | JTBC 210802 방송,20723,164
슈퍼밴드2 6회,빈센트 팀을 이기기 위한 황린의 🤟🏻힙합 드림팀 결성🤟🏻 | JTBC 210802 방송,10410,65
슈퍼밴드2 6회,롹앤롤📣 황린 팀의 패기가 제대로 느껴지는 무대 〈It's Raining〉♩ | JTBC 210802 방송,69603,1402
슈퍼밴드2 6회,＂그냥 다 좋았어요!＂ 황린 팀 무대에 씨엘의 역대급 리액션🤩 | JTBC 210802 방송,23109,120
슈퍼밴드2 6회,예측할 수 없는 승부😳 '빈센트 팀 VS 황린 팀'의 결과는? | JTBC 210802 방송,16594,56
슈퍼밴드2 6회,[리액션캠] 🔥흥 MAX🔥 황린 팀 ＜It's Raining＞♬ 무대에 초 단위로 반응하는 CL,6167,82
슈퍼밴드2 6회,슈퍼밴드2 7회 예고편,28235,47
슈퍼밴드2 6회,[단독 선공개] ＂이 곡을 부른다고?＂ 원곡 가수도 놀랄 빈센트 팀의 충격 선곡♨ 〈슈퍼밴드2〉 8/2(월) 밤 9시 방송!,116742,776
슈퍼밴드2 5회,'확신의 J' 프런트맨 황현조🤖의 계획대로 진행되는 무대 준비 | JTBC 210726 방송,11678,43
슈퍼밴드2 5회,세련된 디스코란 이런 것😎 황현조 팀의 〈이태원 프리덤〉♬ | JTBC 210726 방송,47621,313
슈퍼밴드2 5회,소품까지 레트로💿 '80년대 디스코'를 완벽 재현한 황현조 팀 | JTBC 210726 방송,10723,45
슈퍼밴드2 5회,치열한 경쟁(?)을 뚫고 인기쟁이 김솔다니엘을 데려온 이한서 (●ˇ∀ˇ●) | JTBC 210726 방송,6387,16
슈퍼밴드2 5회,멕시코 음악의 파격적 재해석💥 이한서 팀의 〈Besame Mucho〉♪ | JTBC 210726 방송,13750,87
슈퍼밴드2 5회,뛰어난 실력에도 아쉬움을 남긴 이한서 팀의 곡 전개💨 | JTBC 210726 방송,4888,15
슈퍼밴드2 5회,멋진 편곡을 보여준 황현조 팀 VS 이한서 팀의 결과는? | JTBC 210726 방송,4306,9
슈퍼밴드2 5회,생애 첫 밴드 결성🐣 '함께 하는 작업'에 적응 중인 발로 팀 | JTBC 210726 방송,7039,37
슈퍼밴드2 5회,발로 팀이 전하는 꿈과 희망의 메시지🌟 〈A Million Dreams〉♬ | JTBC 210726 방송,22238,377
슈퍼밴드2 5회,[의견 대립] 윤상이 씌운 누명에 찐텐으로 억울한 유희열 ㅋㅋㅋ | JTBC 210726 방송,8630,27
슈퍼밴드2 5회,위기를 딛고 나쁜 남자(?)로 거듭난 데미안 팀( •̀ ω •́ )✧ | JTBC 210726 방송,4944,32
슈퍼밴드2 5회,비주얼 폭발↗ 치명적 매력✨에 빠져드는 데미안 팀의 〈Boom〉♬ | JTBC 210726 방송,14073,186
슈퍼밴드2 5회,부족한 몰입도..! 발전했음에도 아쉬움을 남긴 데미안 팀의 무대 | JTBC 210726 방송,4887,23
슈퍼밴드2 5회,나란히 호평과 혹평을 받은 발로 팀 VS 데미안 팀의 결과는? | JTBC 210726 방송,5033,22
슈퍼밴드2 5회,↙내리고 또 내려도↘ 이동헌에겐 여전히 높은 손진욱의 음역대😢 | JTBC 210726 방송,3467,20
슈퍼밴드2 5회,미니멀한 어쿠스틱 구성💜 투 보컬 이동헌 팀의 〈Someone Like You〉♬ | JTBC 210726 방송,11419,137
슈퍼밴드2 5회,밴드랑 무대하는 이동헌 팀을 보고 싶다는 이상순의 바람( •̀ᴗ•́ )و ̑̑ | JTBC 210726 방송,4695,21
슈퍼밴드2 5회,형만 믿어😎 다온이 속옷부터 신발 끈까지 챙겨주는 스윗 형아 김슬옹 | JTBC 210726 방송,7922,196
슈퍼밴드2 5회,이다온의 눈높이에 맞춘 재해석❣️ 김슬옹 팀의 〈담배가게 아가씨〉♬ | JTBC 210726 방송,29471,841
슈퍼밴드2 5회,"이다온을 향한 배려로 기분 좋은 무대를 만든 김슬옹 팀 (,,＞ ＜,,)♡ | JTBC 210726 방송",13099,161
슈퍼밴드2 5회,위기를 기회로 얻은 2인조 대결🔥 '이동헌 팀 vs 김슬옹 팀' 중 진출할 팀은?! | JTBC 210726 방송,7265,38
슈퍼밴드2 5회,운명이 결정되는 시간… [본선 1라운드] 최종 탈락자는?! | JTBC 210726 방송,9206,31
슈퍼밴드2 5회,선의의 경쟁은 끝👊🏻 [본선 2라운드] 라이벌 지목전 대진표 공개☞ | JTBC 210726 방송,10127,44
슈퍼밴드2 5회,＂기분이 썩 좋진 않아요＂ 녹두와 기탁의 팽팽한 신경전⚡️ | JTBC 210726 방송,7178,41
슈퍼밴드2 5회,최신 가요에 레트로를 녹인 발상의 전환🌟 녹두 팀의 〈Forever Young〉♬ | JTBC 210726 방송,45881,1264
슈퍼밴드2 5회,팀의 조화가 좋아💚 밝은 에너지가 넘쳤던 녹두 팀 | JTBC 210726 방송,12057,91
슈퍼밴드2 5회,[입덕영상] 열쩡 열쩡 열쩡🔥 인왕산 정기 받으러 간 녹두 회장님과 윤현상x조혁진,3301,57
슈퍼밴드2 5회,[입덕영상] 명절 느낌 물씬♥ 엉클 옹 김슬옹과 리얼 조카뻘 이다온,4049,93
슈퍼밴드2 5회,[고민말해방✨] 기탁(KiTaK) 의 고민 ＂공연을 못해서 너무 아쉬워요..ㅠㅠ＂ | 슈퍼밴드2(Superband2),1822,43
슈퍼밴드2 5회,[고민말해방✨] 김슬옹(Kim Seulong) 의 고민 ＂이번 달 ooo이 고민입니ㄷr..＂ | 슈퍼밴드2(Superband2),2560,77
슈퍼밴드2 5회,[고민말해방✨] 김진산(Kim Jinsan) 의 고민 ＂다가오는 무대.. 잘할 수 있을까요?＂ | 슈퍼밴드2(Superband2),1019,16
슈퍼밴드2 5회,[고민말해방✨] 초등학생 이다온(Lee Daon) 의 고민 ＂음악 하면서 공부도 해야 하는데..!•́ㅿ•̀＂ | 슈퍼밴드2(Superband2),981,16
슈퍼밴드2 5회,[고민말해방✨] 박다울(Park Dawool) 의 고민 ＂공연 전날 잠이 안 와요..3_3＂ | 슈퍼밴드2(Superband2),1703,31
슈퍼밴드2 5회,"[고민말해방✨] 변정호(Byun Jeongho) 의 고민 ＂좋은 멤버들과 좋은 음악, 계속할 수 있을까요?＂ | 슈퍼밴드2(Superband2)",2048,82
슈퍼밴드2 5회,[고민말해방✨] 제이유나(J.UNA) 의 고민 ＂음악 잘하는 사람.. 왜 이렇게 많죠?! ʘ̥_ʘ＂ | 슈퍼밴드2(Superband2),982,15
슈퍼밴드2 5회,[고민말해방✨]정나영(Jung Nayeong)의 고민 ＂제가 감정적일 때 어떻게 컨트롤해야 할까요•́ㅿ•̀＂ | 슈퍼밴드2(Superband2),1203,22
슈퍼밴드2 5회,[고민말해방✨] 고등학생 김한겸(Kim Hangyeom) 의 고민 ＂내일.. 학교 갈 수 있을까요?＂ | 슈퍼밴드2(Superband2),2468,31
슈퍼밴드2 5회,슈퍼밴드2 6회 예고편,23857,50
슈퍼밴드2 5회,[단독 선공개] 〈사탕가게 아가씨〉로 탈바꿈한 김슬옹X이다온의〈담배가게 아가씨〉♬ 〈슈퍼밴드2〉 7/26(월) 밤 9시 방송!,43918,439
슈퍼밴드2 4회,밴드 햇병아리의 노력👊🏻 쓰고 또 쓰는 메모왕📝 대니구 | JTBC 210719 방송,13201,57
슈퍼밴드2 4회,어디론가 떠나고픈🚗 대니구 팀의 〈두 바퀴로 가는 자동차〉♬ | JTBC 210719 방송,15353,218
슈퍼밴드2 4회,리듬감이 깨져 편안함을 느끼지 못했다는 윤종신😥 | JTBC 210719 방송,8329,30
슈퍼밴드2 4회,답답해하는 임윤성을 차분히 북돋아주는 프런트맨 황린😊 | JTBC 210719 방송,10494,113
슈퍼밴드2 4회,올드팝을 완벽하게 재해석한 황린 팀의 〈Piano Man〉♬ | JTBC 210719 방송,50452,1481
슈퍼밴드2 4회,셋이서 함께 만든 화음 클라이맥스에 전율을 느낀 윤상! | JTBC 210719 방송,20094,148
슈퍼밴드2 4회,어쿠스틱 무대를 보인 대니구 팀 vs 황린 팀의 결과는?! | JTBC 210719 방송,9969,30
슈퍼밴드2 4회,'삐-삐-' 화끈한(?) 가사들이 난무했던 양장세민 팀의 선곡 타임 | JTBC 210719 방송,6691,19
슈퍼밴드2 4회,레트로 감성으로 마음을 홀린❤️ 양장세민 팀의 〈Sunday Candy〉♬. | JTBC 210719 방송,16537,246
슈퍼밴드2 4회,이 분위기 마치 썰전?! 윤종신 vs 유희열의 팽팽한 심사평💥 | JTBC 210719 방송,9318,27
슈퍼밴드2 4회,＂무조건 할 수 있어!＂ 긍정王 윤현상의 불타는 열정🔥 | JTBC 210719 방송,5152,19
슈퍼밴드2 4회,평화를 꿈꾸는 희망적인 선율💜 녹두 팀의 〈Zombie〉♬ | JTBC 210719 방송,18553,253
슈퍼밴드2 4회,＂완벽한 앙상블👍🏻＂ 녹두 팀의 무대를 흐뭇하게 감상한 윤상 | JTBC 210719 방송,7843,44
슈퍼밴드2 4회,확실한 콘셉트를 보여준 양장세민 팀 vs 녹두 팀 중 승리 팀은? | JTBC 210719 방송,5686,11
슈퍼밴드2 4회,"'4인 4색' 다비 팀, 엄청난 열정🔥으로 한 팀이 되어가는 중...! | JTBC 210719 방송",5185,28
슈퍼밴드2 4회,상큼한 투 보컬에 청량해지는 마음☘️ 다비 팀의 〈Can’t Feel My Face〉♪ | JTBC 210719 방송,13159,125
슈퍼밴드2 4회,아쉬운 편곡💧 다비 팀의 무대에서 '과유불급'을 느낀 유희열 | JTBC 210719 방송,6592,29
슈퍼밴드2 4회,기타 연주자만 두 명😲?! 팀 구성마저 이색적인 '박다울 팀' | JTBC 210719 방송,10783,76
슈퍼밴드2 4회,파격 퍼포먼스 있을 유💥 악기로만 가득 채운 박다울 팀의 무대 〈GOOD BOY〉♪ | JTBC 210719 방송,35992,931
슈퍼밴드2 4회,말 그대로 '엔터테이닝'한 무대👍🏻 박다울 팀을 향한 프로듀서들의 호평 | JTBC 210719 방송,17825,115
슈퍼밴드2 4회,전원 생존 or 전원 탈락 후보! 다비 팀 vs 박다울 팀의 결과는? | JTBC 210719 방송,9499,33
슈퍼밴드2 4회,＂나 잘 뽑았네🤭?＂ 프런트맨 만족도 100% '김예지 팀'의 편곡 전략 ☞ | JTBC 210719 방송,10687,68
슈퍼밴드2 4회,카리스마 폭발🔥 온몸에 소름 돋는 김예지 팀의 무대 〈Closer〉♬ | JTBC 210719 방송,64627,1262
슈퍼밴드2 4회,김예지 팀에 우사인 볼트급 태세 전환 보여주는 윤상 ㅋㅋㅋ | JTBC 210719 방송,25768,140
슈퍼밴드2 4회,'전원 합격'의 기운 갖고 1라운드에도 뭉친 빈센트 팀(=크랙샷)🤟🏻 | JTBC 210719 방송,16030,142
슈퍼밴드2 4회,한순간도 눈을 뗄 수 없는 정통 록의 진수⚡️ 빈센트 팀의 〈난 괜찮아〉♬ | JTBC 210719 방송,109942,2327
슈퍼밴드2 4회,현장 大폭발↗ 말이 필요 없는 무대를 보여준 빈센트 팀 | JTBC 210719 방송,44254,407
슈퍼밴드2 4회,🤟🏻역대급 ROCK 대결🤟🏻 김예지 팀 vs 빈센트 팀의 결과는? | JTBC 210719 방송,26070,167
슈퍼밴드2 4회,[입덕영상] 저를 믿으셔야 합니다🔥 박다울 쓰앵님 코치 받는 김진산x정나영,6454,82
슈퍼밴드2 4회,[입덕영상] 막둥이 김준서가 너~무 귀여운 황린x임윤성 형아들♡_♡,8513,124
슈퍼밴드2 4회,슈퍼밴드2 5회 예고편,21796,64
슈퍼밴드2 4회,[단독 선공개] 전주부터 미소 폭발😊 황린x임윤성x김준서의 〈Piano Man〉♬,61855,667
슈퍼밴드2 3회,Wow↗ 신속 정확한 조기훈의 속사포 드럼🥁 〈Godzilla〉♬ | JTBC 210712 방송,21513,224
슈퍼밴드2 3회,＂드럼으로 랩하는 줄 알았어요＂ 조기훈의 연주에 감탄한 씨엘👏🏻 | JTBC 210712 방송,10029,57
슈퍼밴드2 3회,앞구르기 하면서 봐도 록커잖아...? 강렬한 ROCK 전사🤟🏻 '린지' | JTBC 210712 방송,6998,38
슈퍼밴드2 3회,시원하게 올라가는 허스키 보이스🔥 린지의 〈You Oughta Know〉♪ | JTBC 210712 방송,11688,157
슈퍼밴드2 3회,한국 R&B 기타의 교본🎸 모두가 인정하는 실력자 '김성현' | JTBC 210712 방송,7410,25
슈퍼밴드2 3회,두 귀를 사로잡는 美친 기타 연주...bbb 김성현의 〈미인〉♬ | JTBC 210712 방송,15482,187
슈퍼밴드2 3회,비장한 마음으로 〈슈퍼밴드〉에 도전한 '록의 희망' 황린ヾ(•ω•`)o | JTBC 210712 방송,7185,40
슈퍼밴드2 3회,묵직한 기타 사운드가 인상적인 황린의 자작곡👍🏻 〈KiPURHEDLOW〉♪ | JTBC 210712 방송,16410,196
슈퍼밴드2 3회,10년 만에 오디션 재도전하는 '김슬옹&데이비드오'😊 | JTBC 210712 방송,7910,39
슈퍼밴드2 3회,청량한 에너지 가득한 김슬옹&데이비드오의 무대💙 〈Follow〉♬ | JTBC 210712 방송,10873,137
슈퍼밴드2 3회,양장세민과 '5현 베이스' 등장에 보수력(?) 뽐내는 윤상 ＂온니 4😤!!＂ | JTBC 210712 방송,6909,30
슈퍼밴드2 3회,양장세민의 상쾌한 5현 베이스 연주🌻 〈Disco Yes〉♬ | JTBC 210712 방송,16892,307
슈퍼밴드2 3회,학창 시절부터 쭉↗ 함께 해온 동갑내기 밴드 '이세계'😆 | JTBC 210712 방송,5222,30
슈퍼밴드2 3회,순수한 열정으로 가득(∩^o^)⊃━☆ 이세계의 자작곡 〈사랑섬〉♬ | JTBC 210712 방송,7220,93
슈퍼밴드2 3회,[본선 진출자 공개] 프로듀서 오디션 합격자 53인 공개! | JTBC 210712 방송,11341,36
슈퍼밴드2 3회,인기투표 1위에 빛나는 '기탁'이 뽑은 어벤져스 팀🌟 | JTBC 210712 방송,8775,52
슈퍼밴드2 3회,부담 팍팍💨 선곡부터 깊은 고뇌에 빠진 기탁 | JTBC 210712 방송,5838,36
슈퍼밴드2 3회,감미로운 티키타카를 보여준❣️ 기탁 팀의 〈Champagne Supernova〉♬ | JTBC 210712 방송,43339,730
슈퍼밴드2 3회,＂영리한 선택!＂ 기탁 팀을 향한 유희열의 아낌없는 칭찬🤗 | JTBC 210712 방송,10910,73
슈퍼밴드2 3회,팀 만족도💯 강한 색깔로 똘똘 뭉친 변정호x전성배x김한겸 | JTBC 210712 방송,7090,39
슈퍼밴드2 3회,'월드 뮤직' 선곡으로 세계 여행✈️ 떠난(?) 변정호 팀ㅋㅋ | JTBC 210712 방송,5423,45
슈퍼밴드2 3회,감정 살리려 포르투갈어 공부까지 한 변정호 팀의 찐 열정🔥 | JTBC 210712 방송,4612,44
슈퍼밴드2 3회,강렬한 사운드로 재해석한👍🏻 변정호 팀의 〈Tocar Você〉♬ | JTBC 210712 방송,25982,594
슈퍼밴드2 3회,'편곡 과정'에서 아쉬움을 느낀 윤상의 솔직한 고백 | JTBC 210712 방송,7082,26
슈퍼밴드2 3회,'기탁 팀 vs 변정호 팀' 중 전원 합격을 이룰 팀은?! | JTBC 210712 방송,6681,27
슈퍼밴드2 3회,[슈퍼캠] 조혁진 - You should see me in a crown ♪ | 프로듀서 오디션 합격자 미공개 영상,3393,36
슈퍼밴드2 3회,[슈퍼캠] 정석훈 - Positions ♪ | 프로듀서 오디션 합격자 미공개 영상,2584,31
슈퍼밴드2 3회,[슈퍼캠] 성혁 - 어른 ♪ | 프로듀서 오디션 합격자 미공개 영상,2228,20
슈퍼밴드2 3회,[슈퍼캠] 선재 - Born (자작곡) ♪ | 프로듀서 오디션 합격자 미공개 영상,2151,17
슈퍼밴드2 3회,[슈퍼캠] 녹두 - 머물러줘 (자작곡) ♪ | 프로듀서 오디션 합격자 미공개 영상,3257,33
슈퍼밴드2 3회,[입덕영상] 방송 초보 기탁x제이유나x조기훈x황인규의 카메라 적응기🤣,2878,60
슈퍼밴드2 3회,[입덕영상] 역시 음악 천재들..b 변정호x전성배x김한겸의 남다른 쉬는 시간😎,9426,122
슈퍼밴드2 3회,[슈퍼캠] 황인규 - 나홀로 마음껏 그대를 사랑하는 밤 (자작곡) ♪ | 프로듀서 오디션 합격자 미공개 영상,3032,59
슈퍼밴드2 3회,[슈퍼캠] 오은철 - Joker (자작곡) ♪ | 프로듀서 오디션 합격자 미공개 영상,3537,215
슈퍼밴드2 3회,"[슈퍼캠] 루디 - Harder, Better, Faster, stronger ♪ | 프로듀서 오디션 합격자 미공개 영상",2032,29
슈퍼밴드2 3회,[슈퍼캠] 정민혁 - 춤을 춰요 (자작곡) ♪ | 프로듀서 오디션 합격자 미공개 영상,1555,31
슈퍼밴드2 3회,[슈퍼캠] 유병욱 - 아리랑 Five ♪ | 프로듀서 오디션 합격자 미공개 영상,1246,30
슈퍼밴드2 3회,"[슈퍼캠] 한다두(김다함, 이한서, 송두용) - 삼십삼천도솔천 (자작곡) ♪ | 프로듀서 오디션 합격자 미공개 영상",1391,21
슈퍼밴드2 3회,"[슈퍼캠] 로파이베이비(황현조, 양서진) - 꼬리 ♪ | 프로듀서 오디션 합격자 미공개 영상",3174,28
슈퍼밴드2 3회,[슈퍼캠] 장원영 - Loyal + 나쁜기집애  ♪ | 프로듀서 오디션 합격자 미공개 영상,2074,29
슈퍼밴드2 3회,[슈퍼캠] 손진욱 - 벌써 12시  ♪ | 프로듀서 오디션 합격자 미공개 영상,2821,51
슈퍼밴드2 3회,[슈퍼캠] 유환주 - 야행 (자작곡)  ♪ | 프로듀서 오디션 합격자 미공개 영상,3180,34
슈퍼밴드2 3회,슈퍼밴드2 4회 예고편,11976,19
슈퍼밴드2 3회,[단독 선공개] 첫 번째 팀 조합 공개! 기탁X제이유나X조기훈X황인규 〈Champagne Supernova〉♬,40267,346
슈퍼밴드2 2회,음악적 고민을 안고 나타난 인디 신의 슈퍼루키 '제이유나'🌟 | JTBC 210705 방송,15269,67
슈퍼밴드2 2회,여심 흡수💞 제이유나의 매력과 목소리로 가득 찬 무대✨ 〈Bad〉♩ | JTBC 210705 방송,16264,163
슈퍼밴드2 2회,"'전국 기타통😎' 17세 김진산, 〈슈퍼밴드〉 우승 정조준↗ | JTBC 210705 방송",13762,60
슈퍼밴드2 2회,입이 떡 벌어지는😲 화려한 기타 연주! 김진산의 자작곡 〈Crow〉♬ | JTBC 210705 방송,33969,500
슈퍼밴드2 2회,[최연소 참가자] 12세 이다온에 찐 미소 나오는 아저씨 심사위원들 ㅋㅋ | JTBC 210705 방송,18972,87
슈퍼밴드2 2회,뭐야.. 12살 맞아..👥? 이다온의 고난도 속주가 돋보이는 〈Scarified〉♪ | JTBC 210705 방송,52365,567
슈퍼밴드2 2회,(기타 아니고 기탁^_~) 열정 하나로 상경한 싱어송라이터 기탁😊 | JTBC 210705 방송,14340,87
슈퍼밴드2 2회,기탁의 풋풋한 매력🌱이 돋보이는 무대 〈Nothing Compares 2 U〉♪ | JTBC 210705 방송,19551,381
슈퍼밴드2 2회,눈빛만으로 CL에게 인정받은(?) '나쁜 기집애😈' 김예지 | JTBC 210705 방송,21141,91
슈퍼밴드2 2회,한순간도 눈을 뗄 수 없는 독보적 카리스마⚡️ 김예지의 〈River〉♬ | JTBC 210705 방송,54172,688
슈퍼밴드2 2회,"화려한 비주얼에 그렇지 못한 태도,,, 반전의 메탈 밴드 '크랙샷'🤟🏻 | JTBC 210705 방송",13239,80
슈퍼밴드2 2회,이것이 진정한 헤비메탈🤟🏻 화려한 크랙샷의 무대 〈Follow Me〉♬ | JTBC 210705 방송,20329,256
슈퍼밴드2 2회,첫 혼성 듀오 출전! 김솔다니엘x윤다영의 첫 만남🤭 | JTBC 210705 방송,7000,22
슈퍼밴드2 2회,가야금x첼로의 아름다운 화음❣️ 김솔다니엘&윤다영의 〈비범한 카우보이〉♬ | JTBC 210705 방송,11998,118
슈퍼밴드2 2회,"전국구 군부대에서 연주하는 드러머계의 장윤정, 유빈  | JTBC 210705 방송",10332,53
슈퍼밴드2 2회,파워 넘치는 밴드계의 군통령🤩 유빈의 〈The Greatest Show〉♬ | JTBC 210705 방송,29712,419
슈퍼밴드2 2회,음반차트 올 킬👍🏻 대중의 귀를 사로잡은 실력파 프로듀서 다비 | JTBC 210705 방송,13312,66
슈퍼밴드2 2회,트렌디한 음색으로 고막 녹이는👂🏻 다비의 〈Jamie Cullum〉♬ | JTBC 210705 방송,40403,365
슈퍼밴드2 2회,건반에 기타까지...?! 다재다능한 멀티 플레이어😍 팔방미인 발로 | JTBC 210705 방송,15889,77
슈퍼밴드2 2회,21세기 슈베르트 등장🙌🏻 천재 음악인 발로의 〈마왕〉♬ | JTBC 210705 방송,59962,447
슈퍼밴드2 2회,어디서 기상 소리가🙄 남다른 각진 포스! 군악대 출신🎺 임윤성 | JTBC 210705 방송,13261,71
슈퍼밴드2 2회,트럼펫🎺 부는 강철 보컬 임윤성의 〈I Can't Go On Without You〉♬ | JTBC 210705 방송,24558,478
슈퍼밴드2 2회,공연만 600회 이상😳?! 반전 매력의 클래식 기타 여제 장하은 | JTBC 210705 방송,14469,72
슈퍼밴드2 2회,클래식으로 감미롭게 재탄생한 장하은의 〈Bohemian Rhapsody〉♬ | JTBC 210705 방송,35626,469
슈퍼밴드2 2회,슈퍼밴드2 3회 예고편,18827,51
슈퍼밴드2 2회,[단독 선공개] 빠져든다...☆ 밴드 보컬상 비주얼 기탁의 〈Nothing Compares 2 U〉♬ 〈슈퍼밴드2〉 7/5(월) 밤 9시 방송!,51434,383
슈퍼밴드2 1회,〈슈퍼밴드2〉 첫 번째 참가자! 반전의 장발 소년 '김한겸'🤗 | JTBC 210628 방송,24759,50
슈퍼밴드2 1회,나이가 믿기지 않는😮 김한겸의 깊은 무대 〈Don't Look Back in Anger〉♪ | JTBC 210628 방송,26597,161
슈퍼밴드2 1회,긍정 에너지 뿜뿜↗ 대니구에게 찾아온 일생일대의 기회 〈슈퍼밴드2〉! | JTBC 210628 방송,12519,168
슈퍼밴드2 1회,바이올린 줄🎻이 끊어질 만큼 대단한 열정! 대니구의 〈Applemania〉♬ | JTBC 210628 방송,49715,623
슈퍼밴드2 1회,눈과 귀를 사로잡는 대니구의 감미로운 무대💐 〈Be My Love〉♬ | JTBC 210628 방송,40869,908
슈퍼밴드2 1회,CL이 반한 똘빼기 머리(?)의 주인공🧒🏻 베이시스트 '변정호' | JTBC 210628 방송,16656,98
슈퍼밴드2 1회,모세혈관까지 리듬 타게 만드는 변정호의 베이스😆 〈Fun〉♬ | JTBC 210628 방송,45780,613
슈퍼밴드2 1회,슈밴에 처음 등장한 악기! '비브라폰🌟' 연주자 윤현상 | JTBC 210628 방송,15108,63
슈퍼밴드2 1회,완전체 연주자 등장👍🏻 모두를 놀라게 한 윤현상의 자작곡 〈Presto〉♬ | JTBC 210628 방송,28012,439
슈퍼밴드2 1회,"열정, 열정, 열정↗ 친구따라 왔다가 본선까지 올라온 쵸프라까야😁 | JTBC 210628 방송",15610,59
슈퍼밴드2 1회,젊은 패기가 느껴지는 쵸프라까야의 연주🔥 〈American Idiot〉♪ | JTBC 210628 방송,27150,206
슈퍼밴드2 1회,카메라 앞에서 뚝딱🤖 극강의 낯가림을 가진 피아니스트 '김준서' ㅋㅋ | JTBC 210628 방송,11082,88
슈퍼밴드2 1회,뜻깊은 첫 연주곡💓 김준서의 스타일로 재해석한 〈Falling Slowly〉♬ | JTBC 210628 방송,22992,599
슈퍼밴드2 1회,[합격자 발표] 1조 최종 합격자 '김한겸·쵸프라까야·대니구·변정호'👏 | JTBC 210628 방송,10604,33
슈퍼밴드2 1회,(밴드X거문고) 저세상 포스♨ 자랑하는 거문고 외길 인생의 박다울 | JTBC 210628 방송,17833,148
슈퍼밴드2 1회,참신한 퍼포먼스😮 '국악계 이단아' 박다울의 〈거문장난감〉♬ | JTBC 210628 방송,38019,872
슈퍼밴드2 1회,우와앗🙊 소리부터 다른 드러머 은아경의 사운드 체크↗ | JTBC 210628 방송,32127,211
슈퍼밴드2 1회,배시시😊 행복 가득한 스마일 드러머 은아경의 〈Tierrasanta〉♬ | JTBC 210628 방송,57692,1145
슈퍼밴드2 1회,"400만 이상 재생?! 글로벌한 인기를 얻은 K-POP 루키, 데미안 | JTBC 210628 방송",16488,61
슈퍼밴드2 1회,어설픔이 외려 매력적인💘 데미안의 '첫' 무대 〈Holy〉♬ | JTBC 210628 방송,20789,174
슈퍼밴드2 1회,"80년대 감성 물씬,,~ 올드 음악 마니아 01년생 정나영🎸 | JTBC 210628 방송",17446,91
슈퍼밴드2 1회,마음을 저격할 메탈 스나이퍼🔫 정나영의 〈Beat Yourself Blind〉♬ | JTBC 210628 방송,34624,491
슈퍼밴드2 1회,"피처링 러브콜 1순위✨ R&B 신예, 대세 보컬리스트 문수진 | JTBC 210628 방송",9111,25
슈퍼밴드2 1회,음색 깡패♨ 밴드 보컬로 도전하는 문수진의 〈Set Fire to the Rain〉♬ | JTBC 210628 방송,34995,337
슈퍼밴드2 1회,[단독 선공개] 어느 쪽을 보고 노래를..💦 생애 첫 무대인 데미안의 〈Holy〉♬ 〈슈퍼밴드2〉 6/28(월) 밤 9시 방송!,68466,461
슈퍼밴드2 1회,슈퍼밴드2 2회 예고편,20897,45
슈퍼밴드2 1회,[선공개] 기타 천재들이 모였다🎸 치열한 기타 전쟁의 결말은 과연?! 〈슈퍼밴드2〉 6/28(월) 9시 방송,51257,311
